<?xml version="1.0" encoding="UTF-8"?>
<ejb-jar xmlns:xsi="http://www.w3.org/2001/XMLSchema-instance"
	xmlns="http://java.sun.com/xml/ns/javaee" xmlns:ejb="http://java.sun.com/xml/ns/javaee"
	xsi:schemaLocation="http://java.sun.com/xml/ns/javaee http://java.sun.com/xml/ns/javaee/ejb-jar_3_1.xsd"
	version="3.1">
	<display-name>ClinicService</display-name>
	<enterprise-beans>
		<session>
			<ejb-name>PatientServiceBean</ejb-name>
			<env-entry>
				<description>Site deployment information for the patient service.</description>
				<env-entry-name>SiteInfo</env-entry-name>
				<env-entry-type>java.lang.String</env-entry-type>
				<env-entry-value>WeACT-x</env-entry-value>
			</env-entry>
		</session>
		<session>
			<ejb-name>ProviderServiceBean</ejb-name>
			<env-entry>
				<description>Site deployment information for the provider service.</description>
				<env-entry-name>SiteInfoPro</env-entry-name>
				<env-entry-type>java.lang.String</env-entry-type>
				<env-entry-value>WeACT-x</env-entry-value>
			</env-entry>
		</session>
	</enterprise-beans>
</ejb-jar>